<?xml version="1.0" encoding="utf-8"?>
<eml:eml xmlns:eml="eml://ecoinformatics.org/eml-2.1.1" xmlns:xsi="http://www.w3.org/2001/XMLSchema-instance"
         xsi:schemaLocation="eml://ecoinformatics.org/eml-2.1.1 http://rs.gbif.org/schema/eml-gbif-profile/1.1/eml.xsd"
        packageId="963a6b96-4d22-4428-86e4-afee52cf4a8e"  system="http://gbif.org" scope="system"
  xml:lang="da">

<dataset>
      <alternateIdentifier>10.15468/q3yy4u</alternateIdentifier>
        <alternateIdentifier>88e7c4bf-8955-480e-94ca-d64885b84d57</alternateIdentifier>
    <title>Species recordings from the Danish National portal Arter.dk</title>
    <creator>
    <individualName>
<givenName>Josefine</givenName>          <surName>Møller</surName>
    </individualName>
<organizationName>Natural History Museum of Denmark</organizationName><positionName>Product owner, Arter</positionName>    <address>
<deliveryPoint>Gothersgade 130</deliveryPoint><city>Copenhagen K</city><postalCode>1153</postalCode><country>DENMARK</country>    </address>
<phone>+45 35332475</phone><electronicMailAddress>josefine.moller@snm.ku.dk</electronicMailAddress><onlineUrl>https://forskning.ku.dk/soeg/result/profil/?id=411021</onlineUrl>      <userId directory="http://orcid.org/">0000-0001-5384-7270</userId>
    </creator>
    <creator>
    <individualName>
<givenName>Dorte</givenName>          <surName>Wenøe Breddam</surName>
    </individualName>
<organizationName>The Danish Environmental Protection Agency</organizationName><positionName>Product owner, Arter</positionName>    <address>
<deliveryPoint>Tolderlundsvej 5</deliveryPoint><city>Odense C</city><postalCode>5000</postalCode><country>DENMARK</country>    </address>
<phone>+4593596969</phone><electronicMailAddress>dowbr@mst.dk</electronicMailAddress>    </creator>
    <creator>
    <individualName>
<givenName>Isabel</givenName>          <surName>Calabuig</surName>
    </individualName>
<organizationName>DanBIF, Natural History Museum of Denmark</organizationName><positionName>Node Manager, Data Curator</positionName>    <address>
<deliveryPoint>Universitetsparken 15</deliveryPoint><city>Copenhagen OE</city><postalCode>2100</postalCode><country>DENMARK</country>    </address>
<phone>+45 35321103</phone><electronicMailAddress>icalabuig@snm.ku.dk</electronicMailAddress><onlineUrl>http://snm.ku.dk/english/staffsnm/staff/?pure=en/persons/88409</onlineUrl>      <userId directory="http://orcid.org/">0000-0001-5515-7900</userId>
    </creator>
    <creator>
    <individualName>
<givenName>Jon</givenName>          <surName>Skovgaard Mathorne</surName>
    </individualName>
<organizationName>Natural History Museum of Denmark</organizationName><positionName>Project Assistant</positionName>    <address>
<deliveryPoint>Gothersgade 130</deliveryPoint><city>Copenhagen K</city><postalCode>1153</postalCode><country>DENMARK</country>    </address>
<phone>+45 35322222</phone><electronicMailAddress>jon.mathorne@snm.ku.dk</electronicMailAddress>    </creator>
    <creator>
    <individualName>
<givenName>Lars</givenName>          <surName>Skipper</surName>
    </individualName>
<organizationName>DanBIF, Natural History Museum of Denmark</organizationName><positionName>Taxon Curator</positionName>    <address>
<deliveryPoint>Universitetsparken 15</deliveryPoint><city>Copenhagen OE</city><postalCode>2100</postalCode><country>DENMARK</country>    </address>
<electronicMailAddress>lars.skipper@get2net.dk</electronicMailAddress>    </creator>
    <metadataProvider>
    <individualName>
<givenName>Josefine</givenName>          <surName>Møller</surName>
    </individualName>
<organizationName>Natural History Museum of Denmark</organizationName><positionName>Product owner, Arter</positionName>    <address>
<deliveryPoint>Gothersgade 130</deliveryPoint><city>Copenhagen K</city><postalCode>1153</postalCode><country>DENMARK</country>    </address>
<phone>+45 35332475</phone><electronicMailAddress>josefine.moller@snm.ku.dk</electronicMailAddress><onlineUrl>https://forskning.ku.dk/soeg/result/profil/?id=411021</onlineUrl>      <userId directory="http://orcid.org/">0000-0001-5384-7270</userId>
    </metadataProvider>
    <associatedParty>
    <individualName>
<givenName>Marianne</givenName>          <surName>Graversen</surName>
    </individualName>
<organizationName>Natural History Museum of Aarhus</organizationName>    <address>
<city>Aarhus</city><country>DENMARK</country>    </address>
<electronicMailAddress>icalabuig@snm.ku.dk</electronicMailAddress>    <role>USER</role>
    </associatedParty>
      <pubDate>
      2020-09-24
      </pubDate>
    <language>ENGLISH</language>
    <abstract>
        <para>Database containing observations of organisms at all taxonomic levels and within all taxonomic kingdoms mainly from Denmark. New observations are continuously added through the registration portal https://arter.dk. The portal is a collaboration project between the Danish Environmental Protection Agency, the Natural History Museum of Denmark and the Natural History Museum Aarhus. The project received generous financial support from Aage V. Jensen Naturfond and 15. Juni Fonden as well as an early contribution from the Danish state. The aim of Arter is to gather all available information about observations of Danish biodiversity and make the data available to the general public. Futhermore the portal offers free access to knowledge about the Danish biodiversity on species level making it easier for the general public to obtain knowledge about the species and protect same. The portal contains old finds as well as new ones and the users continously contribute to the overview of Danish biodiversity by reporting their finds directly into Arter.</para>
    </abstract>
        <keywordSet>
              <keyword>Photo records</keyword>
              <keyword>Europe</keyword>
              <keyword>Denmark</keyword>
              <keyword>Citizen Science</keyword>
              <keyword>Danish National Species Portal</keyword>
              <keyword>Observations</keyword>
              <keyword>Species Recordings</keyword>
              <keyword>Arter.dk</keyword>
              <keywordThesaurus>GBIF Dataset Type Vocabulary: http://rs.gbif.org/vocabulary/gbif/dataset_type.xml</keywordThesaurus>
        </keywordSet>
        <keywordSet>
              <keyword>Occurrence</keyword>
              <keywordThesaurus>GBIF Dataset Type Vocabulary: http://rs.gbif.org/vocabulary/gbif/dataset_type_2015-07-10.xml</keywordThesaurus>
        </keywordSet>
        <keywordSet>
              <keyword>Observation</keyword>
              <keywordThesaurus>GBIF Dataset Subtype Vocabulary: http://rs.gbif.org/vocabulary/gbif/dataset_subtype.xml</keywordThesaurus>
        </keywordSet>
      <intellectualRights>
        <para>This work is licensed under a <ulink url="http://creativecommons.org/licenses/by/4.0/legalcode"><citetitle>Creative Commons Attribution (CC-BY) 4.0 License</citetitle></ulink>.</para>
      </intellectualRights>
      <distribution scope="document">
          <online>
              <url function="information">http://arter.dk</url>
          </online>
      </distribution>
      <coverage>
            <geographicCoverage>
                  <geographicDescription>EURO DK</geographicDescription>
                  <boundingCoordinates>
                      <westBoundingCoordinate>6.7</westBoundingCoordinate>
                      <eastBoundingCoordinate>15.6</eastBoundingCoordinate>
                      <northBoundingCoordinate>58</northBoundingCoordinate>
                      <southBoundingCoordinate>54.5</southBoundingCoordinate>
                  </boundingCoordinates>
            </geographicCoverage>
          <temporalCoverage>
              <singleDateTime>
                <calendarDate>      2020-01-01
</calendarDate>
              </singleDateTime>
          </temporalCoverage>
              <taxonomicCoverage>
                    <generalTaxonomicCoverage>Animalia and Plantae and Fungi and Mycetozoa</generalTaxonomicCoverage>
                    <taxonomicClassification>
                          <taxonRankName>Kingdom</taxonRankName>
                        <taxonRankValue>Animalia</taxonRankValue>
                    </taxonomicClassification>
                    <taxonomicClassification>
                          <taxonRankName>Kingdom</taxonRankName>
                        <taxonRankValue>Plantae</taxonRankValue>
                    </taxonomicClassification>
                    <taxonomicClassification>
                          <taxonRankName>Kingdom</taxonRankName>
                        <taxonRankValue>Fungi</taxonRankValue>
                    </taxonomicClassification>
                    <taxonomicClassification>
                          <taxonRankName>Unranked</taxonRankName>
                        <taxonRankValue>Mycetozoa</taxonRankValue>
                    </taxonomicClassification>
              </taxonomicCoverage>
      </coverage>
      <maintenance>
          <description>
              <para></para>
          </description>
          <maintenanceUpdateFrequency>daily</maintenanceUpdateFrequency>
      </maintenance>
      <contact>
    <individualName>
<givenName>Josefine</givenName>          <surName>Møller</surName>
    </individualName>
<organizationName>Natural History Museum of Denmark</organizationName><positionName>Product owner, Arter</positionName>    <address>
<deliveryPoint>Gothersgade 130</deliveryPoint><city>Copenhagen K</city><postalCode>1153</postalCode><country>DENMARK</country>    </address>
<phone>+45 35332475</phone><electronicMailAddress>josefine.moller@snm.ku.dk</electronicMailAddress><onlineUrl>https://forskning.ku.dk/soeg/result/profil/?id=411021</onlineUrl>      <userId directory="http://orcid.org/">0000-0001-5384-7270</userId>
      </contact>
      <contact>
    <individualName>
<givenName>Jon</givenName>          <surName>Skovgaard Mathorne</surName>
    </individualName>
<organizationName>Natural History Museum of Denmark</organizationName><positionName>Project Assistant</positionName>    <address>
<deliveryPoint>Gothersgade 130</deliveryPoint><city>Copenhagen K</city><postalCode>1153</postalCode><country>DENMARK</country>    </address>
<phone>+45 35322222</phone><electronicMailAddress>jon.mathorne@snm.ku.dk</electronicMailAddress>      </contact>
      <methods>
            <methodStep>
                <description>
                    <para>Observations of organisms from all taxonomic kingdoms done by mainly  amateur nature enthusiasts. Geographical precision is obtained via the geographical data linked to photos, when available, location data from the user&apos;s device, such as a mobile phone or computer, or delivered manually by the user. Vallidation is achieved throuch community and expert validation with validation based on likelihood to come later on.</para>
                </description>
            </methodStep>
            <sampling>
                <studyExtent>
                    <description>
                        <para>Denmark</para>
                    </description>
                </studyExtent>
                <samplingDescription>
                    <para>Observations of organisms from all taxonomic kingdoms done by mainly  amateur 
nature enthusiasts. Geographical precision is obtained via the geographical data linked to photos, when available, location data from the user&apos;s device, such as a mobile phone or computer, or delivered manually by the user. Vallidation is achieved throuch community and expert validation with validation based on likelihood to come later on.</para>
                </samplingDescription>
            </sampling>
      </methods>

      <project >
          <title>Species recordings from the Danish National portal Arter.dk</title>
          <personnel>
    <individualName>
<givenName>Josefine</givenName>          <surName>Møller</surName>
    </individualName>
      <userId directory="http://orcid.org/">0000-0001-5384-7270</userId>
    <role>ADMINISTRATIVE_POINT_OF_CONTACT</role>
          </personnel>
          <abstract>
              <para></para>
          </abstract>
          <funding>
              <para>Arter has received generous financial support from Aage V. Jensen Naturfond and 15. Juni Fonden as well as an early contribution from the Danish state.</para>
          </funding>
      </project>
</dataset>

<additionalMetadata>
    <metadata>
      <gbif>
        <dateStamp>2021-12-22T21:07:21Z</dateStamp>
      <citation>Møller J, Wenøe Breddam D, Calabuig I, Skovgaard Mathorne J, Skipper L (2020). Species recordings from the Danish National portal Arter.dk. Miljøstyrelsen / The Danish Environmental Protection Agency. Occurrence dataset https://doi.org/10.15468/q3yy4u accessed via GBIF.org on 2021-12-22.</citation>
              <bibliography>
      <citation>Miljøstyrelsen - The Danish Environmental Protection Agency</citation>
              </bibliography>
              <resourceLogoUrl>https://arter.s1.umbraco.io/media/rd4joym3/arter-logomark-pos.jpg</resourceLogoUrl>
      </gbif>
    </metadata>
</additionalMetadata>

</eml:eml>
