<?xml version="1.0" encoding="utf-8"?>
<eml:eml xmlns:eml="eml://ecoinformatics.org/eml-2.1.1" xmlns:xsi="http://www.w3.org/2001/XMLSchema-instance"
         xsi:schemaLocation="eml://ecoinformatics.org/eml-2.1.1 http://rs.gbif.org/schema/eml-gbif-profile/1.1/eml.xsd"
        packageId="10.15468/dl.7pff4e"  system="http://gbif.org" scope="system"
  xml:lang="en">

<dataset>
        <alternateIdentifier>0084707-210914110416597</alternateIdentifier>
    <title>GBIF Occurrence Download 10.15468/dl.7pff4e</title>
    <creator>
    <individualName>
          <surName>GBIF Download Service</surName>
    </individualName>
<electronicMailAddress>support@gbif.org</electronicMailAddress>    </creator>
    <metadataProvider>
    <individualName>
          <surName>GBIF Download Service</surName>
    </individualName>
<electronicMailAddress>support@gbif.org</electronicMailAddress>    </metadataProvider>
      <pubDate>
      2021-12-22
      </pubDate>
    <language>ENGLISH</language>
    <abstract>
        <para>A dataset containing all occurrences available in GBIF matching the query:
{&quot;type&quot;:&quot;and&quot;,&quot;predicates&quot;:[{&quot;type&quot;:&quot;equals&quot;,&quot;key&quot;:&quot;BASIS_OF_RECORD&quot;,&quot;value&quot;:&quot;HUMAN_OBSERVATION&quot;,&quot;matchCase&quot;:false},{&quot;type&quot;:&quot;in&quot;,&quot;key&quot;:&quot;COUNTRY&quot;,&quot;values&quot;:[&quot;AT&quot;,&quot;BE&quot;,&quot;BG&quot;,&quot;HR&quot;,&quot;CY&quot;,&quot;CZ&quot;,&quot;DK&quot;,&quot;EE&quot;,&quot;FI&quot;,&quot;FR&quot;,&quot;DE&quot;,&quot;GR&quot;,&quot;HU&quot;,&quot;IE&quot;,&quot;IT&quot;,&quot;LV&quot;,&quot;LU&quot;,&quot;MT&quot;,&quot;NL&quot;,&quot;PL&quot;,&quot;PT&quot;,&quot;RO&quot;,&quot;SK&quot;,&quot;SI&quot;,&quot;ES&quot;,&quot;SE&quot;],&quot;matchCase&quot;:false},{&quot;type&quot;:&quot;equals&quot;,&quot;key&quot;:&quot;HAS_COORDINATE&quot;,&quot;value&quot;:&quot;true&quot;,&quot;matchCase&quot;:false},{&quot;type&quot;:&quot;equals&quot;,&quot;key&quot;:&quot;HAS_GEOSPATIAL_ISSUE&quot;,&quot;value&quot;:&quot;false&quot;,&quot;matchCase&quot;:false},{&quot;type&quot;:&quot;equals&quot;,&quot;key&quot;:&quot;MEDIA_TYPE&quot;,&quot;value&quot;:&quot;Stillimage&quot;,&quot;matchCase&quot;:false},{&quot;type&quot;:&quot;in&quot;,&quot;key&quot;:&quot;TAXON_KEY&quot;,&quot;values&quot;:[&quot;2498252&quot;,&quot;3084923&quot;,&quot;3170247&quot;,&quot;3129663&quot;,&quot;2882443&quot;,&quot;2437394&quot;,&quot;2706134&quot;,&quot;2482499&quot;,&quot;2765940&quot;,&quot;5329212&quot;,&quot;2225776&quot;,&quot;2984306&quot;,&quot;3034825&quot;,&quot;3628745&quot;,&quot;3642949&quot;,&quot;2434271&quot;,&quot;7978544&quot;,&quot;2891770&quot;,&quot;2865565&quot;,&quot;2427091&quot;,&quot;5420991&quot;,&quot;2869311&quot;,&quot;5289808&quot;,&quot;2440946&quot;,&quot;4264680&quot;,&quot;5361762&quot;,&quot;2433536&quot;,&quot;5219858&quot;,&quot;2227000&quot;,&quot;2227064&quot;,&quot;2498305&quot;,&quot;2226990&quot;,&quot;3086784&quot;,&quot;2390064&quot;,&quot;2227300&quot;,&quot;5218786&quot;,&quot;2362868&quot;,&quot;2977647&quot;,&quot;5219681&quot;,&quot;2437450&quot;,&quot;2480764&quot;,&quot;6247411&quot;,&quot;8879526&quot;,&quot;5421039&quot;,&quot;2443002&quot;,&quot;5361785&quot;,&quot;4033648&quot;,&quot;5219683&quot;],&quot;matchCase&quot;:false}]}
The dataset includes records from the following constituent datasets. The full metadata for each constituent is also included in this archive:
1 records from University of Vienna, Institute for Botany - Herbarium WU
1 records from IASTracker. Invasive Alien Species database
3 records from Occurrence Data of Vascular Plants collected or compiled for the Flora of Bavaria
4 records from Earth Guardians Weekly Feed
9 records from BoBO - Botanic Garden and Botanical Museum Berlin Observations
13 records from Estonian Naturalists’ Society
39 records from Mammal records for Europe via the iMammalia app
75 records from Species recordings from the Danish National portal Arter.dk
76 records from Xeno-canto - Bird sounds from around the world
291 records from Sightings Map of Invasive Plants in Portugal
308 records from Biodiversity4all Research-Grade Observations
669 records from Collections and observation data National Museum of Natural History Luxembourg
2301 records from Pl@ntNet observations
19420 records from Observation.org, Nature data from around the World</para>
    </abstract>
      <contact>
    <individualName>
          <surName>GBIF Download Service</surName>
    </individualName>
<electronicMailAddress>support@gbif.org</electronicMailAddress>      </contact>

</dataset>

<additionalMetadata>
    <metadata>
      <gbif>
        <dateStamp>2021-12-22T21:07:22Z</dateStamp>
      <citation identifier="10.15468/dl.7pff4e">GBIF Occurrence Download 10.15468/dl.7pff4e</citation>
              <physical>
                  <objectName>Darwin Core Archive</objectName>
                  <characterEncoding>UTF-8</characterEncoding>
                  <dataFormat>
                      <externallyDefinedFormat>
                          <formatName>Darwin Core Archive</formatName>
                      </externallyDefinedFormat>
                  </dataFormat>
                  <distribution>
                      <online>
                          <url function="download">https://api.gbif.org/v1/occurrence/download/request/0084707-210914110416597.zip</url>
                      </online>
                  </distribution>
              </physical>
      </gbif>
    </metadata>
</additionalMetadata>

</eml:eml>
